Rank,Sequence,Length,Source_Protein,Scoring_Scheme,Score,DEJ_ER_Score,Raw_Grade,Final_Grade,Viability,FTO_Status,FTO_Reason,PCPC_Status,PCPC_Detail,BLAST_Status,Internal_DB_Hits,Origin_Position,Origin_Domain,Origin_Subdomain,Domain_Risk,Match_Length,Match_Type,Generation_Phase,Generation_Method,Is_Natural,Cross_Species,Avg_Conservation,Min_Conservation,Collagen,DSP,MMP,AI,WH,AOX,CPP,Stab,Skin
1,GSR,3,P15924,DEJ_V8,0.5234,0.4487,,B,DEMOTED,CAUTION,Match in bioactive peptide DB (non-cosmetic),KNOWN_BIOACTIVE,"Found in bioactive peptide database (biopep/satpdb/dbaasp/apd3). Not cosmetic-registered, but known biological activity — review.",not_applicable_short_peptide,none,2828-2830,C-terminal PRD,GSR tail,,3,exact,v9-phase0,natural_sliding_window,True,,1.0,1.0,0.4606,0.6,0.2001,0.6606,0.4717,0.6997,0.721,0.5,0.5
2,GTRKREYE,8,P15924,DEJ_V8,0.5459,0.4457,,C,DEMOTED,CAUTION,"Exact substring in 20 bulk patent protein(s): CAP11471.1, CAT82321.1, CAR97085.1 (+17 more) — likely not a specific peptide claim, but manual review recommended",PATENT_COMMON_SUBSTRING,"Query appears inside larger patent protein(s) (all entries >30 aa). The patent likely claims the construct, not this 8-mer substring. Phase 2 review will fetch claim text.",patent_partial_only,none,1182-1189,Central rod,Coiled-coil segment 1,coiled_coil_fragment,8,exact,v9-phase0,natural_sliding_window,True,,0.9375,0.5,0.4651,0.3592,0.54,0.7628,0.3945,0.831,0.8334,0.5,0.5
3,LRKRRVVIVD,10,P15924,DEJ_V8,0.5459,0.4428,,C,DEMOTED,CAUTION,"Exact substring in 20 bulk patent protein(s): CAP11449.1, CAR97063.1, CAT82280.1 (+17 more) — likely not a specific peptide claim, but manual review recommended",PATENT_COMMON_SUBSTRING,"Query appears inside larger patent protein(s) (all entries >30 aa). The patent likely claims the construct, not this 10-mer substring. Phase 2 review will fetch claim text.",patent_partial_only,none,2461-2470,C-terminal PRD,Linker B-C,,10,exact,v9-phase0,natural_sliding_window,True,,1.0,1.0,0.467,0.575,0.1999,0.7413,0.4251,0.8249,0.8528,0.5,0.5
4,GTRKREYEN,9,P15924,DEJ_V8,0.5328,0.4403,,C,DEMOTED,CAUTION,"Exact substring in 20 bulk patent protein(s): CAP11471.1, CAT82321.1, CAR97085.1 (+17 more) — likely not a specific peptide claim, but manual review recommended",PATENT_COMMON_SUBSTRING,"Query appears inside larger patent protein(s) (all entries >30 aa). The patent likely claims the construct, not this 9-mer substring. Phase 2 review will fetch claim text.",patent_partial_only,none,1182-1190,Central rod,Coiled-coil segment 1,coiled_coil_fragment,9,exact,v9-phase0,natural_sliding_window,True,,0.9444,0.5,0.4714,0.3476,0.5222,0.7711,0.4086,0.745,0.7609,0.5,0.5
5,HPR,3,P15924,DEJ_V8,0.5285,0.439,,B,DEMOTED,CAUTION,Match in bioactive peptide DB (non-cosmetic),KNOWN_BIOACTIVE,"Found in bioactive peptide database (biopep/satpdb/dbaasp/apd3). Not cosmetic-registered, but known biological activity — review.",not_applicable_short_peptide,none,8-10,N-terminal plakin,inter-domain,,3,exact,v9-phase0,natural_sliding_window,True,,1.0,1.0,0.465,0.3665,0.5001,0.6865,0.541,0.6998,0.722,0.5,0.5
6,GTRKREY,7,P15924,DEJ_V8,0.5455,0.4384,,C,DEMOTED,CAUTION,"Exact substring in 20 bulk patent protein(s): CAP11471.1, CAT82321.1, CAR97085.1 (+17 more) — likely not a specific peptide claim, but manual review recommended",PATENT_COMMON_SUBSTRING,"Query appears inside larger patent protein(s) (all entries >30 aa). The patent likely claims the construct, not this 7-mer substring. Phase 2 review will fetch claim text.",patent_partial_only,none,1182-1188,Central rod,Coiled-coil segment 1,coiled_coil_fragment,7,exact,v9-phase0,natural_sliding_window,True,,0.9286,0.5,0.4676,0.4931,0.3029,0.7553,0.4187,0.8459,0.8417,0.5,0.5
7,EKGHGIRLL,9,P15924,DEJ_V8,0.4636,0.4382,,C,DEMOTED,CAUTION,"Exact substring in 20 bulk patent protein(s): CAR97065.1, CAP07483.1, CAP11451.1 (+17 more) — likely not a specific peptide claim, but manual review recommended",PATENT_COMMON_SUBSTRING,"Query appears inside larger patent protein(s) (all entries >30 aa). The patent likely claims the construct, not this 9-mer substring. Phase 2 review will fetch claim text.",patent_partial_only,none,2360-2368,C-terminal PRD,PRD-B,,9,exact,v9-phase0,natural_sliding_window,True,,0.9444,0.5,0.4609,0.3676,0.5023,0.414,0.4685,0.5177,0.5979,0.5,0.5
8,KGHGIRLL,8,P15924,DEJ_V8,0.4646,0.4379,,C,DEMOTED,CAUTION,"Exact substring in 20 bulk patent protein(s): CAR97065.1, CAP07483.1, CAP11451.1 (+17 more) — likely not a specific peptide claim, but manual review recommended",PATENT_COMMON_SUBSTRING,"Query appears inside larger patent protein(s) (all entries >30 aa). The patent likely claims the construct, not this 8-mer substring. Phase 2 review will fetch claim text.",patent_partial_only,none,2361-2368,C-terminal PRD,PRD-B,,8,exact,v9-phase0,natural_sliding_window,True,,0.9375,0.5,0.4624,0.4833,0.3251,0.3139,0.4837,0.6131,0.6469,0.5,0.5
9,QRRRAEE,7,P15924,DEJ_V8,0.4892,0.4368,,F,DEMOTED,CAUTION,"Exact substring in 20 bulk patent protein(s): ATJ50221.1, AAW97175.1, ACX11016.1 (+17 more) — likely not a specific peptide claim, but manual review recommended",PATENT_COMMON_SUBSTRING,"Query appears inside larger patent protein(s) (all entries >30 aa). The patent likely claims the construct, not this 7-mer substring. Phase 2 review will fetch claim text.",patent_partial_only,none,1266-1272,Central rod,Coiled-coil segment 1,coiled_coil_fragment,7,exact,v9-phase0,natural_sliding_window,True,,1.0,1.0,0.4605,0.339,0.54,0.3411,0.3578,0.8457,0.8464,0.5,0.5
10,RKRRVVIVDP,10,P15924,DEJ_V8,0.5291,0.435,,C,DEMOTED,CAUTION,"Exact substring in 20 bulk patent protein(s): CAP11449.1, CAT82280.1, CAR97063.1 (+17 more) — likely not a specific peptide claim, but manual review recommended",PATENT_COMMON_SUBSTRING,"Query appears inside larger patent protein(s) (all entries >30 aa). The patent likely claims the construct, not this 10-mer substring. Phase 2 review will fetch claim text.",patent_partial_only,none,2462-2471,C-terminal PRD,Linker B-C,,10,exact,v9-phase0,natural_sliding_window,True,,1.0,1.0,0.4706,0.575,0.16,0.6935,0.4387,0.7316,0.8409,0.5,0.5
11,EKGHGIRLLE,10,P15924,DEJ_V8,0.423,0.4339,,C,DEMOTED,CAUTION,"Exact substring in 20 bulk patent protein(s): CAR97065.1, CAP07483.1, CAP11451.1 (+17 more) — likely not a specific peptide claim, but manual review recommended",PATENT_COMMON_SUBSTRING,"Query appears inside larger patent protein(s) (all entries >30 aa). The patent likely claims the construct, not this 10-mer substring. Phase 2 review will fetch claim text.",patent_partial_only,none,2360-2369,C-terminal PRD,PRD-B,,10,exact,v9-phase0,natural_sliding_window,True,,0.95,0.5,0.4624,0.275,0.6201,0.2906,0.4564,0.2761,0.5593,0.5,0.5
12,KGHGIRL,7,P15924,DEJ_V8,0.4906,0.4338,,C,DEMOTED,CAUTION,"Exact substring in 20 bulk patent protein(s): CAR97065.1, CAP07483.1, CAP11451.1 (+17 more) — likely not a specific peptide claim, but manual review recommended",PATENT_COMMON_SUBSTRING,"Query appears inside larger patent protein(s) (all entries >30 aa). The patent likely claims the construct, not this 7-mer substring. Phase 2 review will fetch claim text.",patent_partial_only,none,2361-2367,C-terminal PRD,PRD-B,,7,exact,v9-phase0,natural_sliding_window,True,,0.9286,0.5,0.4634,0.4581,0.343,0.3594,0.489,0.7937,0.7445,0.5,0.5
13,HRL,3,P15924,DEJ_V8,0.5136,0.4324,,B,DEMOTED,CAUTION,"Query is a fragment of registered cosmetic peptide(s): LHRLKRLRKRL, LHRLKRLRKRLK",SUBSTRING_OF_REGISTERED,"SUBSTRING_OF_REGISTERED — HRL is contained in: LHRLKRLRKRL, LHRLKRLRKRLK",not_applicable_short_peptide,none,2384-2386,C-terminal PRD,PRD-B,,3,exact,v9-phase0,natural_sliding_window,True,,1.0,1.0,0.4672,0.4115,0.3999,0.6625,0.3707,0.6998,0.828,0.5,0.5
14,RRRAE,5,P15924,DEJ_V8,0.5063,0.4324,,C,DEMOTED,CLEAR,No known match in any reference DB,PURE_NOVEL,"Fully novel sequence — no known cosmetic, bioactive, or patent match",not_applicable_short_peptide,none,1267-1271,Central rod,Coiled-coil segment 1,coiled_coil_fragment,5,exact,v9-phase0,natural_sliding_window,True,,1.0,1.0,0.474,0.47,0.3,0.5901,0.3738,0.6976,0.8433,0.5,0.5
15,VKKRSED,7,P15924,DEJ_V8,0.4926,0.4321,,F,DEMOTED,CAUTION,"Exact substring in 20 bulk patent protein(s): QRL65678.1, QRL68312.1, QRL68318.1 (+17 more) — likely not a specific peptide claim, but manual review recommended",PATENT_COMMON_SUBSTRING,"Query appears inside larger patent protein(s) (all entries >30 aa). The patent likely claims the construct, not this 7-mer substring. Phase 2 review will fetch claim text.",patent_partial_only,none,1625-1631,Central rod,Coiled-coil segment 2,coiled_coil_fragment,7,exact,v9-phase0,natural_sliding_window,True,,0.9286,0.5,0.4604,0.339,0.5199,0.4314,0.3655,0.7771,0.8424,0.5,0.5
16,GTRKRE,6,P15924,DEJ_V8,0.5421,0.432,,C,DEMOTED,CAUTION,"Exact substring in 20 bulk patent protein(s): AVX78242.1, QDB42540.1, QDB55162.1 (+17 more) — likely not a specific peptide claim, but manual review recommended",PATENT_COMMON_SUBSTRING,"Query appears inside larger patent protein(s) (all entries >30 aa). The patent likely claims the construct, not this 6-mer substring. Phase 2 review will fetch claim text.",patent_partial_only,none,1182-1187,Central rod,Coiled-coil segment 1,coiled_coil_fragment,6,exact,v9-phase0,natural_sliding_window,True,,0.9167,0.5,0.4666,0.46,0.3267,0.7538,0.4207,0.8456,0.8409,0.5,0.5
17,TRKREYE,7,P15924,DEJ_V8,0.5384,0.4314,,C,DEMOTED,CAUTION,"Exact substring in 20 bulk patent protein(s): CAP11471.1, CAT82321.1, CAR97085.1 (+17 more) — likely not a specific peptide claim, but manual review recommended",PATENT_COMMON_SUBSTRING,"Query appears inside larger patent protein(s) (all entries >30 aa). The patent likely claims the construct, not this 7-mer substring. Phase 2 review will fetch claim text.",patent_partial_only,none,1183-1189,Central rod,Coiled-coil segment 1,coiled_coil_fragment,7,exact,v9-phase0,natural_sliding_window,True,,0.9286,0.5,0.4588,0.339,0.5199,0.7602,0.3809,0.8421,0.8424,0.5,0.5
18,LIEKGHGIRL,10,P15924,DEJ_V8,0.3894,0.4314,,F,DEMOTED,CAUTION,"Exact substring in 20 bulk patent protein(s): CAR97065.1, CAP07483.1, CAP11451.1 (+17 more) — likely not a specific peptide claim, but manual review recommended",PATENT_COMMON_SUBSTRING,"Query appears inside larger patent protein(s) (all entries >30 aa). The patent likely claims the construct, not this 10-mer substring. Phase 2 review will fetch claim text.",patent_partial_only,none,2358-2367,C-terminal PRD,PRD-B,,10,exact,v9-phase0,natural_sliding_window,True,,0.95,0.5,0.4646,0.3583,0.4801,0.1426,0.4626,0.1044,0.5421,0.5,0.5
19,EKGHGIR,7,P15924,DEJ_V8,0.4965,0.4311,,C,DEMOTED,CAUTION,"Exact substring in 20 bulk patent protein(s): CAR97065.1, CAP07483.1, CAP11451.1 (+17 more) — likely not a specific peptide claim, but manual review recommended",PATENT_COMMON_SUBSTRING,"Query appears inside larger patent protein(s) (all entries >30 aa). The patent likely claims the construct, not this 7-mer substring. Phase 2 review will fetch claim text.",patent_partial_only,none,2360-2366,C-terminal PRD,PRD-B,,7,exact,v9-phase0,natural_sliding_window,True,,0.9286,0.5,0.4617,0.304,0.5658,0.4588,0.4749,0.8044,0.6923,0.5,0.5
20,GSRSGSRR,8,P15924,DEJ_V8,0.4968,0.4307,,C,DEMOTED,CAUTION,"Exact substring in 20 bulk patent protein(s): ADA96672.1, ACQ34641.1, AFB06078.1 (+17 more) — likely not a specific peptide claim, but manual review recommended",PATENT_COMMON_SUBSTRING,"Query appears inside larger patent protein(s) (all entries >30 aa). The patent likely claims the construct, not this 8-mer substring. Phase 2 review will fetch claim text.",patent_partial_only,none,2840-2847,C-terminal PRD,GSR tail,,8,exact,v9-phase0,natural_sliding_window,True,,1.0,1.0,0.4616,0.6,0.12,0.391,0.4386,0.8478,0.8033,0.5,0.5
21,KGHGIR,6,P15924,DEJ_V8,0.5112,0.4304,,B,DEMOTED,CAUTION,"Exact substring in 20 bulk patent protein(s): AMI26063.1, CAR97065.1, CAP11451.1 (+17 more) — likely not a specific peptide claim, but manual review recommended",PATENT_COMMON_SUBSTRING,"Query appears inside larger patent protein(s) (all entries >30 aa). The patent likely claims the construct, not this 6-mer substring. Phase 2 review will fetch claim text.",patent_partial_only,none,2361-2366,C-terminal PRD,PRD-B,,6,exact,v9-phase0,natural_sliding_window,True,,0.9167,0.5,0.4614,0.435,0.3668,0.4885,0.4962,0.8382,0.7756,0.5,0.5
22,EKGHGIRL,8,P15924,DEJ_V8,0.4559,0.4303,,C,DEMOTED,CAUTION,"Exact substring in 20 bulk patent protein(s): CAR97065.1, CAP07483.1, CAP11451.1 (+17 more) — likely not a specific peptide claim, but manual review recommended",PATENT_COMMON_SUBSTRING,"Query appears inside larger patent protein(s) (all entries >30 aa). The patent likely claims the construct, not this 8-mer substring. Phase 2 review will fetch claim text.",patent_partial_only,none,2360-2367,C-terminal PRD,PRD-B,,8,exact,v9-phase0,natural_sliding_window,True,,0.9375,0.5,0.4628,0.3242,0.5301,0.3007,0.4713,0.5543,0.6819,0.5,0.5
23,IEKGHGIRLL,10,P15924,DEJ_V8,0.4299,0.4303,,C,DEMOTED,CAUTION,"Exact substring in 20 bulk patent protein(s): CAR97065.1, CAP07483.1, CAP11451.1 (+17 more) — likely not a specific peptide claim, but manual review recommended",PATENT_COMMON_SUBSTRING,"Query appears inside larger patent protein(s) (all entries >30 aa). The patent likely claims the construct, not this 10-mer substring. Phase 2 review will fetch claim text.",patent_partial_only,none,2359-2368,C-terminal PRD,PRD-B,,10,exact,v9-phase0,natural_sliding_window,True,,0.95,0.5,0.462,0.3583,0.4801,0.4088,0.4626,0.2191,0.5413,0.5,0.5
24,RKREYE,6,P15924,DEJ_V8,0.5108,0.4298,,C,DEMOTED,CAUTION,"Exact substring in 20 bulk patent protein(s): ARI42774.1, QMY13327.1, AKW35036.1 (+17 more) — likely not a specific peptide claim, but manual review recommended",PATENT_COMMON_SUBSTRING,"Query appears inside larger patent protein(s) (all entries >30 aa). The patent likely claims the construct, not this 6-mer substring. Phase 2 review will fetch claim text.",patent_partial_only,none,1184-1189,Central rod,Coiled-coil segment 1,coiled_coil_fragment,6,exact,v9-phase0,natural_sliding_window,True,,1.0,1.0,0.4605,0.3589,0.48,0.5248,0.3916,0.8453,0.844,0.5,0.5
25,GSRSGSRRG,9,P15924,DEJ_V8,0.4902,0.4291,,F,DEMOTED,CAUTION,"Exact substring in 20 bulk patent protein(s): CAP11453.1, CAR97067.1, CAT82287.1 (+17 more) — likely not a specific peptide claim, but manual review recommended",PATENT_COMMON_SUBSTRING,"Query appears inside larger patent protein(s) (all entries >30 aa). The patent likely claims the construct, not this 9-mer substring. Phase 2 review will fetch claim text.",patent_partial_only,none,2840-2848,C-terminal PRD,GSR tail,,9,exact,v9-phase0,natural_sliding_window,True,,1.0,1.0,0.4579,0.6,0.12,0.3958,0.4467,0.8342,0.7272,0.5,0.5
26,KGHGIRLLE,9,P15924,DEJ_V8,0.4215,0.4288,,C,DEMOTED,CAUTION,"Exact substring in 20 bulk patent protein(s): CAR97065.1, CAP07483.1, CAP11451.1 (+17 more) — likely not a specific peptide claim, but manual review recommended",PATENT_COMMON_SUBSTRING,"Query appears inside larger patent protein(s) (all entries >30 aa). The patent likely claims the construct, not this 9-mer substring. Phase 2 review will fetch claim text.",patent_partial_only,none,2361-2369,C-terminal PRD,PRD-B,,9,exact,v9-phase0,natural_sliding_window,True,,0.9444,0.5,0.4605,0.3676,0.4623,0.1601,0.4685,0.4332,0.5983,0.5,0.5
27,VKKRSE,6,P15924,DEJ_V8,0.5349,0.4285,,C,DEMOTED,CAUTION,"Exact substring in 20 bulk patent protein(s): QRL62605.1, QRL65678.1, QRL63822.1 (+17 more) — likely not a specific peptide claim, but manual review recommended",PATENT_COMMON_SUBSTRING,"Query appears inside larger patent protein(s) (all entries >30 aa). The patent likely claims the construct, not this 6-mer substring. Phase 2 review will fetch claim text.",patent_partial_only,none,1625-1630,Central rod,Coiled-coil segment 2,coiled_coil_fragment,6,exact,v9-phase0,natural_sliding_window,True,,0.9167,0.5,0.4611,0.47,0.3066,0.7598,0.3711,0.8302,0.8413,0.5,0.5
28,RSGSRSGSR,9,P15924,DEJ_V8,0.4561,0.4282,,C,DEMOTED,CAUTION,"Exact substring in 20 bulk patent protein(s): CAP11453.1, CAR97067.1, CAT82287.1 (+17 more) — likely not a specific peptide claim, but manual review recommended",PATENT_COMMON_SUBSTRING,"Query appears inside larger patent protein(s) (all entries >30 aa). The patent likely claims the construct, not this 9-mer substring. Phase 2 review will fetch claim text.",patent_partial_only,none,2830-2838,C-terminal PRD,GSR tail,,9,exact,v9-phase0,natural_sliding_window,True,,1.0,1.0,0.4558,0.6,0.12,0.113,0.4432,0.8418,0.7273,0.5,0.5
29,RSGSRSGSRR,10,P15924,DEJ_V8,0.4602,0.4282,,C,DEMOTED,CAUTION,"Exact substring in 20 bulk patent protein(s): CAP11453.1, CAR97067.1, CAT82287.1 (+17 more) — likely not a specific peptide claim, but manual review recommended",PATENT_COMMON_SUBSTRING,"Query appears inside larger patent protein(s) (all entries >30 aa). The patent likely claims the construct, not this 10-mer substring. Phase 2 review will fetch claim text.",patent_partial_only,none,2838-2847,C-terminal PRD,GSR tail,,10,exact,v9-phase0,natural_sliding_window,True,,1.0,1.0,0.4558,0.6,0.12,0.0858,0.4338,0.8283,0.8446,0.5,0.5
30,GSRSGSRRGS,10,P15924,DEJ_V8,0.4964,0.4282,,F,DEMOTED,CAUTION,"Exact substring in 20 bulk patent protein(s): CAP11453.1, CAR97067.1, CAT82287.1 (+17 more) — likely not a specific peptide claim, but manual review recommended",PATENT_COMMON_SUBSTRING,"Query appears inside larger patent protein(s) (all entries >30 aa). The patent likely claims the construct, not this 10-mer substring. Phase 2 review will fetch claim text.",patent_partial_only,none,2840-2849,C-terminal PRD,GSR tail,,10,exact,v9-phase0,natural_sliding_window,True,,1.0,1.0,0.4558,0.6,0.12,0.4964,0.45,0.8198,0.6694,0.5,0.5
31,SRS,3,P15924,DEJ_V8,0.5127,0.4281,,B,DEMOTED,CAUTION,Match in bioactive peptide DB (non-cosmetic),KNOWN_BIOACTIVE,"Found in bioactive peptide database (biopep/satpdb/dbaasp/apd3). Not cosmetic-registered, but known biological activity — review.",not_applicable_short_peptide,none,2829-2831,C-terminal PRD,GSR tail,,3,exact,v9-phase0,natural_sliding_window,True,,1.0,1.0,0.4664,0.6,0.0999,0.6671,0.461,0.6998,0.7244,0.5,0.5
32,RSGSRSGSRS,10,P15924,DEJ_V8,0.466,0.4281,,C,DEMOTED,CAUTION,"Exact substring in 20 bulk patent protein(s): CAP11453.1, CAR97067.1, CAT82287.1 (+17 more) — likely not a specific peptide claim, but manual review recommended",PATENT_COMMON_SUBSTRING,"Query appears inside larger patent protein(s) (all entries >30 aa). The patent likely claims the construct, not this 10-mer substring. Phase 2 review will fetch claim text.",patent_partial_only,none,2830-2839,C-terminal PRD,GSR tail,,10,exact,v9-phase0,natural_sliding_window,True,,1.0,1.0,0.4556,0.6,0.12,0.2347,0.4468,0.8368,0.6696,0.5,0.5
33,TRKREYEN,8,P15924,DEJ_V8,0.5335,0.4274,,C,DEMOTED,CAUTION,"Exact substring in 20 bulk patent protein(s): CAP11471.1, CAT82321.1, CAR97085.1 (+17 more) — likely not a specific peptide claim, but manual review recommended",PATENT_COMMON_SUBSTRING,"Query appears inside larger patent protein(s) (all entries >30 aa). The patent likely claims the construct, not this 8-mer substring. Phase 2 review will fetch claim text.",patent_partial_only,none,1183-1190,Central rod,Coiled-coil segment 1,coiled_coil_fragment,8,exact,v9-phase0,natural_sliding_window,True,,0.9375,0.5,0.4613,0.3242,0.5199,0.7668,0.392,0.7934,0.8327,0.5,0.5
34,RKREY,5,P15924,DEJ_V8,0.513,0.4271,,C,DEMOTED,CLEAR,No known match in any reference DB,PURE_NOVEL,"Fully novel sequence — no known cosmetic, bioactive, or patent match",not_applicable_short_peptide,none,1184-1188,Central rod,Coiled-coil segment 1,coiled_coil_fragment,5,exact,v9-phase0,natural_sliding_window,True,,1.0,1.0,0.4612,0.47,0.3,0.644,0.4047,0.699,0.8407,0.5,0.5
35,LIEKGHGIR,9,P15924,DEJ_V8,0.3882,0.4269,,F,DEMOTED,CAUTION,"Exact substring in 20 bulk patent protein(s): CAR97065.1, CAP07483.1, CAP11451.1 (+17 more) — likely not a specific peptide claim, but manual review recommended",PATENT_COMMON_SUBSTRING,"Query appears inside larger patent protein(s) (all entries >30 aa). The patent likely claims the construct, not this 9-mer substring. Phase 2 review will fetch claim text.",patent_partial_only,none,2358-2366,C-terminal PRD,PRD-B,,9,exact,v9-phase0,natural_sliding_window,True,,0.9444,0.5,0.4628,0.3326,0.5023,0.0452,0.4644,0.2057,0.5988,0.5,0.5
36,SGSRSGSRRG,10,P15924,DEJ_V8,0.4448,0.4268,,F,DEMOTED,CAUTION,"Exact substring in 20 bulk patent protein(s): CAP11453.1, CAR97067.1, CAT82287.1 (+17 more) — likely not a specific peptide claim, but manual review recommended",PATENT_COMMON_SUBSTRING,"Query appears inside larger patent protein(s) (all entries >30 aa). The patent likely claims the construct, not this 10-mer substring. Phase 2 review will fetch claim text.",patent_partial_only,none,2839-2848,C-terminal PRD,GSR tail,,10,exact,v9-phase0,natural_sliding_window,True,,1.0,1.0,0.4524,0.6,0.12,0.1234,0.45,0.7444,0.6697,0.5,0.5
37,SRSGSRSGSR,10,P15924,DEJ_V8,0.4496,0.4265,,C,DEMOTED,CAUTION,"Exact substring in 20 bulk patent protein(s): CAP11453.1, CAR97067.1, CAT82287.1 (+17 more) — likely not a specific peptide claim, but manual review recommended",PATENT_COMMON_SUBSTRING,"Query appears inside larger patent protein(s) (all entries >30 aa). The patent likely claims the construct, not this 10-mer substring. Phase 2 review will fetch claim text.",patent_partial_only,none,2829-2838,C-terminal PRD,GSR tail,,10,exact,v9-phase0,natural_sliding_window,True,,1.0,1.0,0.4516,0.6,0.12,0.1316,0.4468,0.7972,0.6697,0.5,0.5
38,SGSRSGSRR,9,P15924,DEJ_V8,0.4564,0.4258,,C,DEMOTED,CAUTION,"Exact substring in 20 bulk patent protein(s): CAP11453.1, CAR97067.1, CAT82287.1 (+17 more) — likely not a specific peptide claim, but manual review recommended",PATENT_COMMON_SUBSTRING,"Query appears inside larger patent protein(s) (all entries >30 aa). The patent likely claims the construct, not this 9-mer substring. Phase 2 review will fetch claim text.",patent_partial_only,none,2839-2847,C-terminal PRD,GSR tail,,9,exact,v9-phase0,natural_sliding_window,True,,1.0,1.0,0.4501,0.6,0.12,0.132,0.4432,0.831,0.7289,0.5,0.5
39,RKRRVVIVD,9,P15924,DEJ_V8,0.5303,0.4255,,C,DEMOTED,CAUTION,"Exact substring in 20 bulk patent protein(s): CAP11449.1, CAT82280.1, CAR97063.1 (+17 more) — likely not a specific peptide claim, but manual review recommended",PATENT_COMMON_SUBSTRING,"Query appears inside larger patent protein(s) (all entries >30 aa). The patent likely claims the construct, not this 9-mer substring. Phase 2 review will fetch claim text.",patent_partial_only,none,2462-2470,C-terminal PRD,Linker B-C,,9,exact,v9-phase0,natural_sliding_window,True,,1.0,1.0,0.442,0.575,0.1711,0.6603,0.4366,0.8477,0.8538,0.5,0.5
40,RKRE,4,P15924,DEJ_V8,0.5104,0.4251,,C,DEMOTED,CAUTION,Match in bioactive peptide DB (non-cosmetic),KNOWN_BIOACTIVE,"Found in bioactive peptide database (biopep/satpdb/dbaasp/apd3). Not cosmetic-registered, but known biological activity — review.",not_applicable_short_peptide,none,1184-1187,Central rod,Coiled-coil segment 1,coiled_coil_fragment,4,exact,v9-phase0,natural_sliding_window,True,,1.0,1.0,0.458,0.425,0.365,0.6555,0.375,0.6986,0.841,0.5,0.5
41,RRRAEEN,7,P15924,DEJ_V8,0.4626,0.4249,,F,DEMOTED,CAUTION,"Exact substring in 20 bulk patent protein(s): CAV24902.1, CAY56255.1, AGA49043.1 (+17 more) — likely not a specific peptide claim, but manual review recommended",PATENT_COMMON_SUBSTRING,"Query appears inside larger patent protein(s) (all entries >30 aa). The patent likely claims the construct, not this 7-mer substring. Phase 2 review will fetch claim text.",patent_partial_only,none,1267-1273,Central rod,Coiled-coil segment 1,coiled_coil_fragment,7,exact,v9-phase0,natural_sliding_window,True,,1.0,1.0,0.465,0.339,0.48,0.1535,0.3744,0.8487,0.8484,0.5,0.5
42,RKREYEN,7,P15924,DEJ_V8,0.4967,0.4246,,F,DEMOTED,CAUTION,"Exact substring in 20 bulk patent protein(s): CAP11471.1, CAT82321.1, CAR97085.1 (+17 more) — likely not a specific peptide claim, but manual review recommended",PATENT_COMMON_SUBSTRING,"Query appears inside larger patent protein(s) (all entries >30 aa). The patent likely claims the construct, not this 7-mer substring. Phase 2 review will fetch claim text.",patent_partial_only,none,1184-1190,Central rod,Coiled-coil segment 1,coiled_coil_fragment,7,exact,v9-phase0,natural_sliding_window,True,,1.0,1.0,0.4644,0.339,0.48,0.4894,0.396,0.7513,0.8437,0.5,0.5
43,NTLRKRRVVI,10,P15924,DEJ_V8,0.4656,0.4243,,F,DEMOTED,CAUTION,"Exact substring in 20 bulk patent protein(s): CAP11449.1, CAR97063.1, CAT82280.1 (+17 more) — likely not a specific peptide claim, but manual review recommended",PATENT_COMMON_SUBSTRING,"Query appears inside larger patent protein(s) (all entries >30 aa). The patent likely claims the construct, not this 10-mer substring. Phase 2 review will fetch claim text.",patent_partial_only,none,2459-2468,C-terminal PRD,Linker B-C,,10,exact,v9-phase0,natural_sliding_window,True,,1.0,1.0,0.4779,0.575,0.0999,0.4106,0.44,0.4317,0.84,0.5,0.5
44,QRRRAEEN,8,P15924,DEJ_V8,0.4531,0.4239,,F,DEMOTED,CAUTION,"Exact substring in 20 bulk patent protein(s): YCX77053.1, ADS87388.1, CAP07554.1 (+17 more) — likely not a specific peptide claim, but manual review recommended",PATENT_COMMON_SUBSTRING,"Query appears inside larger patent protein(s) (all entries >30 aa). The patent likely claims the construct, not this 8-mer substring. Phase 2 review will fetch claim text.",patent_partial_only,none,1266-1273,Central rod,Coiled-coil segment 1,coiled_coil_fragment,8,exact,v9-phase0,natural_sliding_window,True,,1.0,1.0,0.4422,0.3242,0.54,0.1161,0.3642,0.8192,0.8343,0.5,0.5
45,GLR,3,P15924,DEJ_V8,0.525,0.4233,,B,DEMOTED,CAUTION,"Query is a fragment of registered cosmetic peptide(s): TLGLRPVPVATT, YNWNSFGLRF",SUBSTRING_OF_REGISTERED,"SUBSTRING_OF_REGISTERED — GLR is contained in: TLGLRPVPVATT, YNWNSFGLRF",not_applicable_short_peptide,none,1970-1972,C-terminal PRD,PRD-A,,3,exact,v9-phase0,natural_sliding_window,True,,1.0,1.0,0.459,0.5284,0.2001,0.647,0.5523,0.6995,0.8258,0.5,0.5
46,GIR,3,P15924,DEJ_V8,0.5103,0.423,,B,DEMOTED,CAUTION,Match in bioactive peptide DB (non-cosmetic),KNOWN_BIOACTIVE,"Found in bioactive peptide database (biopep/satpdb/dbaasp/apd3). Not cosmetic-registered, but known biological activity — review.",not_applicable_short_peptide,none,2212-2214,C-terminal PRD,PRD-B,,3,exact,v9-phase0,natural_sliding_window,True,,1.0,1.0,0.4583,0.5284,0.2001,0.6407,0.415,0.6993,0.8253,0.5,0.5
47,EGTRKR,6,P15924,DEJ_V8,0.5151,0.4218,,C,DEMOTED,CAUTION,"Exact substring in 20 bulk patent protein(s): AEY32576.1, AEU89416.1, AMI27217.1 (+17 more) — likely not a specific peptide claim, but manual review recommended",PATENT_COMMON_SUBSTRING,"Query appears inside larger patent protein(s) (all entries >30 aa). The patent likely claims the construct, not this 6-mer substring. Phase 2 review will fetch claim text.",patent_partial_only,none,1181-1186,Central rod,Coiled-coil segment 1,coiled_coil_fragment,6,exact,v9-phase0,natural_sliding_window,True,,0.9167,0.5,0.4643,0.46,0.2867,0.577,0.4207,0.8413,0.8394,0.5,0.5
48,GSRS,4,P15924,DEJ_V8,0.4921,0.4213,,C,DEMOTED,CAUTION,Match in bioactive peptide DB (non-cosmetic),KNOWN_BIOACTIVE,"Found in bioactive peptide database (biopep/satpdb/dbaasp/apd3). Not cosmetic-registered, but known biological activity — review.",not_applicable_short_peptide,none,2828-2831,C-terminal PRD,GSR tail,,4,exact,v9-phase0,natural_sliding_window,True,,1.0,1.0,0.4572,0.5583,0.15,0.6283,0.4549,0.6992,0.5776,0.5,0.5
49,IEKGHGIRL,9,P15924,DEJ_V8,0.4044,0.4208,,F,DEMOTED,CAUTION,"Exact substring in 20 bulk patent protein(s): CAR97065.1, CAP07483.1, CAP11451.1 (+17 more) — likely not a specific peptide claim, but manual review recommended",PATENT_COMMON_SUBSTRING,"Query appears inside larger patent protein(s) (all entries >30 aa). The patent likely claims the construct, not this 9-mer substring. Phase 2 review will fetch claim text.",patent_partial_only,none,2359-2367,C-terminal PRD,PRD-B,,9,exact,v9-phase0,natural_sliding_window,True,,0.9444,0.5,0.4649,0.3126,0.5023,0.208,0.4644,0.2041,0.5983,0.5,0.5
50,KGHGIRLLEA,10,P15924,DEJ_V8,0.3932,0.4198,,F,DEMOTED,CAUTION,"Exact substring in 20 bulk patent protein(s): CAR97065.1, CAP07483.1, CAP11451.1 (+17 more) — likely not a specific peptide claim, but manual review recommended",PATENT_COMMON_SUBSTRING,"Query appears inside larger patent protein(s) (all entries >30 aa). The patent likely claims the construct, not this 10-mer substring. Phase 2 review will fetch claim text.",patent_partial_only,none,2361-2370,C-terminal PRD,PRD-B,,10,exact,v9-phase0,natural_sliding_window,True,,0.95,0.5,0.4591,0.3583,0.4401,0.1694,0.464,0.1851,0.5425,0.5,0.5
51,HRN,3,P15924,DEJ_V8,0.5166,0.4197,,B,DEMOTED,CAUTION,Match in bioactive peptide DB (non-cosmetic),KNOWN_BIOACTIVE,"Found in bioactive peptide database (biopep/satpdb/dbaasp/apd3). Not cosmetic-registered, but known biological activity — review.",not_applicable_short_peptide,none,2062-2064,C-terminal PRD,PRD-A,,3,exact,v9-phase0,natural_sliding_window,True,,1.0,1.0,0.474,0.3665,0.3999,0.6676,0.5442,0.6995,0.7231,0.5,0.5
52,ERLR,4,P15924,DEJ_V8,0.4795,0.4188,,F,DEMOTED,CAUTION,Match in bioactive peptide DB (non-cosmetic),KNOWN_BIOACTIVE,"Found in bioactive peptide database (biopep/satpdb/dbaasp/apd3). Not cosmetic-registered, but known biological activity — review.",not_applicable_short_peptide,none,1172-1175,Central rod,Coiled-coil segment 1,coiled_coil_fragment,4,exact,v9-phase0,natural_sliding_window,True,,1.0,1.0,0.4622,0.4283,0.325,0.3717,0.4405,0.6981,0.8404,0.5,0.5
53,TLRKRRVVI,9,P15924,DEJ_V8,0.4925,0.4187,,F,DEMOTED,CAUTION,"Exact substring in 20 bulk patent protein(s): CAP11449.1, CAR97063.1, CAT82280.1 (+17 more) — likely not a specific peptide claim, but manual review recommended",PATENT_COMMON_SUBSTRING,"Query appears inside larger patent protein(s) (all entries >30 aa). The patent likely claims the construct, not this 9-mer substring. Phase 2 review will fetch claim text.",patent_partial_only,none,2460-2468,C-terminal PRD,Linker B-C,,9,exact,v9-phase0,natural_sliding_window,True,,1.0,1.0,0.4647,0.575,0.0999,0.4206,0.437,0.793,0.8401,0.5,0.5
54,TRKRE,5,P15924,DEJ_V8,0.4969,0.4182,,F,DEMOTED,CLEAR,No known match in any reference DB,PURE_NOVEL,"Fully novel sequence — no known cosmetic, bioactive, or patent match",not_applicable_short_peptide,none,1183-1187,Central rod,Coiled-coil segment 1,coiled_coil_fragment,5,exact,v9-phase0,natural_sliding_window,True,,0.9,0.5,0.4554,0.425,0.3399,0.5669,0.3867,0.6932,0.8404,0.5,0.5
55,KRD,3,P15924,DEJ_V8,0.5191,0.418,,C,DEMOTED,CAUTION,Match in bioactive peptide DB (non-cosmetic),KNOWN_BIOACTIVE,"Found in bioactive peptide database (biopep/satpdb/dbaasp/apd3). Not cosmetic-registered, but known biological activity — review.",not_applicable_short_peptide,none,940-942,N-terminal plakin,Spectrin repeat 2-4,,3,exact,v9-phase0,natural_sliding_window,True,,1.0,1.0,0.4701,0.3665,0.3999,0.6739,0.478,0.6987,0.8399,0.5,0.5
56,IEKGHGIR,8,P15924,DEJ_V8,0.4221,0.4177,,C,DEMOTED,CAUTION,"Exact substring in 20 bulk patent protein(s): CAR97065.1, CAP07483.1, CAP11451.1 (+17 more) — likely not a specific peptide claim, but manual review recommended",PATENT_COMMON_SUBSTRING,"Query appears inside larger patent protein(s) (all entries >30 aa). The patent likely claims the construct, not this 8-mer substring. Phase 2 review will fetch claim text.",patent_partial_only,none,2359-2366,C-terminal PRD,PRD-B,,8,exact,v9-phase0,natural_sliding_window,True,,0.9375,0.5,0.4616,0.2892,0.5301,0.1761,0.4667,0.407,0.6821,0.5,0.5
57,REK,3,P15924,DEJ_V8,0.5128,0.4174,,B,DEMOTED,CAUTION,Match in bioactive peptide DB (non-cosmetic),KNOWN_BIOACTIVE,"Found in bioactive peptide database (biopep/satpdb/dbaasp/apd3). Not cosmetic-registered, but known biological activity — review.",not_applicable_short_peptide,none,243-245,N-terminal plakin,Spectrin repeat 1,,3,exact,v9-phase0,natural_sliding_window,True,,1.0,1.0,0.4687,0.3665,0.3999,0.6623,0.43,0.6996,0.8412,0.5,0.5
58,RKE,3,P15924,DEJ_V8,0.5131,0.4174,,C,DEMOTED,CAUTION,Match in bioactive peptide DB (non-cosmetic),KNOWN_BIOACTIVE,"Found in bioactive peptide database (biopep/satpdb/dbaasp/apd3). Not cosmetic-registered, but known biological activity — review.",not_applicable_short_peptide,none,1873-1875,C-terminal PRD,inter-domain,,3,exact,v9-phase0,natural_sliding_window,True,,1.0,1.0,0.4686,0.3665,0.3999,0.6639,0.43,0.6998,0.8427,0.5,0.5
59,TLRKRRVVIV,10,P15924,DEJ_V8,0.5109,0.4172,,C,DEMOTED,CAUTION,"Exact substring in 20 bulk patent protein(s): CAP11449.1, CAR97063.1, CAT82280.1 (+17 more) — likely not a specific peptide claim, but manual review recommended",PATENT_COMMON_SUBSTRING,"Query appears inside larger patent protein(s) (all entries >30 aa). The patent likely claims the construct, not this 10-mer substring. Phase 2 review will fetch claim text.",patent_partial_only,none,2460-2469,C-terminal PRD,Linker B-C,,10,exact,v9-phase0,natural_sliding_window,True,,1.0,1.0,0.4613,0.575,0.0999,0.5969,0.4206,0.7872,0.8411,0.5,0.5
60,KER,3,P15924,DEJ_V8,0.5121,0.4169,,B,DEMOTED,CAUTION,Match in bioactive peptide DB (non-cosmetic),KNOWN_BIOACTIVE,"Found in bioactive peptide database (biopep/satpdb/dbaasp/apd3). Not cosmetic-registered, but known biological activity — review.",not_applicable_short_peptide,none,2430-2432,C-terminal PRD,PRD-B,,3,exact,v9-phase0,natural_sliding_window,True,,1.0,1.0,0.4675,0.3665,0.3999,0.661,0.43,0.6994,0.8382,0.5,0.5
61,PHR,3,P15924,DEJ_V8,0.5032,0.4166,,B,DEMOTED,CAUTION,Match in bioactive peptide DB (non-cosmetic),KNOWN_BIOACTIVE,"Found in bioactive peptide database (biopep/satpdb/dbaasp/apd3). Not cosmetic-registered, but known biological activity — review.",not_applicable_short_peptide,none,2061-2063,C-terminal PRD,PRD-A,,3,exact,v9-phase0,natural_sliding_window,True,,1.0,1.0,0.4667,0.3665,0.3999,0.6772,0.4159,0.6997,0.7222,0.5,0.5
62,LRKRRVVI,8,P15924,DEJ_V8,0.5429,0.4165,,C,DEMOTED,CAUTION,"Exact substring in 20 bulk patent protein(s): CAP11449.1, CAR97063.1, CAT82280.1 (+17 more) — likely not a specific peptide claim, but manual review recommended",PATENT_COMMON_SUBSTRING,"Query appears inside larger patent protein(s) (all entries >30 aa). The patent likely claims the construct, not this 8-mer substring. Phase 2 review will fetch claim text.",patent_partial_only,none,2461-2468,C-terminal PRD,Linker B-C,,8,exact,v9-phase0,natural_sliding_window,True,,1.0,1.0,0.4594,0.575,0.0999,0.8124,0.4468,0.8354,0.8419,0.5,0.5
63,VKKRSEDDLR,10,P15924,DEJ_V8,0.4351,0.4163,,F,DEMOTED,CAUTION,"Exact substring in 19 bulk patent protein(s): ADS87388.1, CAP07554.1, YAV28386.1 (+16 more) — likely not a specific peptide claim, but manual review recommended",PATENT_COMMON_SUBSTRING,"Query appears inside larger patent protein(s) (all entries >30 aa). The patent likely claims the construct, not this 10-mer substring. Phase 2 review will fetch claim text.",patent_partial_only,none,1625-1634,Central rod,Coiled-coil segment 2,coiled_coil_fragment,10,exact,v9-phase0,natural_sliding_window,True,,0.9,0.5,0.4522,0.3033,0.5199,0.1537,0.4134,0.5122,0.8489,0.5,0.5
64,EKR,3,P15924,DEJ_V8,0.5077,0.416,,C,DEMOTED,CAUTION,Match in bioactive peptide DB (non-cosmetic),KNOWN_BIOACTIVE,"Found in bioactive peptide database (biopep/satpdb/dbaasp/apd3). Not cosmetic-registered, but known biological activity — review.",not_applicable_short_peptide,none,1121-1123,Central rod,Coiled-coil segment 1,coiled_coil_fragment,3,exact,v9-phase0,natural_sliding_window,True,,1.0,1.0,0.4653,0.3665,0.3999,0.6278,0.43,0.6985,0.839,0.5,0.5
65,DDLRRGR,7,P15924,DEJ_V8,0.4706,0.4158,,F,DEMOTED,CAUTION,"Exact substring in 20 bulk patent protein(s): QPU68170.1, WFL01066.1, CBF64825.1 (+17 more) — likely not a specific peptide claim, but manual review recommended",PATENT_COMMON_SUBSTRING,"Query appears inside larger patent protein(s) (all entries >30 aa). The patent likely claims the construct, not this 7-mer substring. Phase 2 review will fetch claim text.",patent_partial_only,none,1732-1738,Central rod,Coiled-coil segment 2,coiled_coil_fragment,7,exact,v9-phase0,natural_sliding_window,True,,0.9286,0.5,0.4654,0.339,0.44,0.2225,0.5312,0.7188,0.8386,0.5,0.5
66,KGLVDRK,7,P15924,DEJ_V8,0.4329,0.4158,,C,DEMOTED,CAUTION,"Exact substring in 20 bulk patent protein(s): AOI03210.1, YAV28387.1, AOK83930.1 (+17 more) — likely not a specific peptide claim, but manual review recommended",PATENT_COMMON_SUBSTRING,"Query appears inside larger patent protein(s) (all entries >30 aa). The patent likely claims the construct, not this 7-mer substring. Phase 2 review will fetch claim text.",patent_partial_only,none,2536-2542,C-terminal PRD,PRD-C,,7,exact,v9-phase0,natural_sliding_window,True,,0.9286,0.5,0.4591,0.4781,0.2428,0.1041,0.4379,0.5414,0.8388,0.5,0.5
67,KKRSEDDLR,9,P15924,DEJ_V8,0.4468,0.4158,,F,DEMOTED,CAUTION,"Exact substring in 19 bulk patent protein(s): ADS87388.1, CAP07554.1, YAV28386.1 (+16 more) — likely not a specific peptide claim, but manual review recommended",PATENT_COMMON_SUBSTRING,"Query appears inside larger patent protein(s) (all entries >30 aa). The patent likely claims the construct, not this 9-mer substring. Phase 2 review will fetch claim text.",patent_partial_only,none,1626-1634,Central rod,Coiled-coil segment 2,coiled_coil_fragment,9,exact,v9-phase0,natural_sliding_window,True,,0.9444,0.5,0.4653,0.3126,0.48,0.1829,0.4373,0.5902,0.8466,0.5,0.5
68,SHR,3,P15924,DEJ_V8,0.498,0.4147,,C,DEMOTED,CAUTION,Query is a fragment of registered cosmetic peptide(s): WAQFKIQWSHRW,SUBSTRING_OF_REGISTERED,SUBSTRING_OF_REGISTERED — SHR is contained in: WAQFKIQWSHRW,not_applicable_short_peptide,none,2383-2385,C-terminal PRD,PRD-B,,3,exact,v9-phase0,natural_sliding_window,True,,1.0,1.0,0.4623,0.3665,0.3999,0.6418,0.4152,0.6992,0.7232,0.5,0.5
69,EGTRKREY,8,P15924,DEJ_V8,0.5269,0.4147,,C,DEMOTED,CAUTION,"Exact substring in 20 bulk patent protein(s): CAP11471.1, CAT82321.1, CAR97085.1 (+17 more) — likely not a specific peptide claim, but manual review recommended",PATENT_COMMON_SUBSTRING,"Query appears inside larger patent protein(s) (all entries >30 aa). The patent likely claims the construct, not this 8-mer substring. Phase 2 review will fetch claim text.",patent_partial_only,none,1181-1188,Central rod,Coiled-coil segment 1,coiled_coil_fragment,8,exact,v9-phase0,natural_sliding_window,True,,0.9375,0.5,0.4627,0.3592,0.41,0.7638,0.3945,0.7956,0.8316,0.5,0.5
70,LRKRRVVIV,9,P15924,DEJ_V8,0.5398,0.4145,,C,DEMOTED,CAUTION,"Exact substring in 20 bulk patent protein(s): CAP11449.1, CAR97063.1, CAT82280.1 (+17 more) — likely not a specific peptide claim, but manual review recommended",PATENT_COMMON_SUBSTRING,"Query appears inside larger patent protein(s) (all entries >30 aa). The patent likely claims the construct, not this 9-mer substring. Phase 2 review will fetch claim text.",patent_partial_only,none,2461-2469,C-terminal PRD,Linker B-C,,9,exact,v9-phase0,natural_sliding_window,True,,1.0,1.0,0.4548,0.575,0.0999,0.8169,0.4272,0.8264,0.8424,0.5,0.5
71,RSGSRSGS,8,P15924,DEJ_V8,0.4468,0.4144,,C,DEMOTED,CAUTION,"Exact substring in 20 bulk patent protein(s): AOI17091.1, CAP11453.1, CAR97067.1 (+17 more) — likely not a specific peptide claim, but manual review recommended",PATENT_COMMON_SUBSTRING,"Query appears inside larger patent protein(s) (all entries >30 aa). The patent likely claims the construct, not this 8-mer substring. Phase 2 review will fetch claim text.",patent_partial_only,none,2830-2837,C-terminal PRD,GSR tail,,8,exact,v9-phase0,natural_sliding_window,True,,1.0,1.0,0.4572,0.5583,0.12,0.1838,0.4549,0.8411,0.5805,0.5,0.5
72,EGTRKRE,7,P15924,DEJ_V8,0.5197,0.4141,,C,DEMOTED,CAUTION,"Exact substring in 20 bulk patent protein(s): AAR40704.1, CAP11471.1, CAT82321.1 (+17 more) — likely not a specific peptide claim, but manual review recommended",PATENT_COMMON_SUBSTRING,"Query appears inside larger patent protein(s) (all entries >30 aa). The patent likely claims the construct, not this 7-mer substring. Phase 2 review will fetch claim text.",patent_partial_only,none,1181-1187,Central rod,Coiled-coil segment 1,coiled_coil_fragment,7,exact,v9-phase0,natural_sliding_window,True,,0.9286,0.5,0.4664,0.329,0.4457,0.7076,0.3861,0.7944,0.8409,0.5,0.5
73,GHGIRLL,7,P15924,DEJ_V8,0.471,0.414,,C,DEMOTED,CAUTION,"Exact substring in 20 bulk patent protein(s): AAR51273.1, CAR97065.1, CAP07483.1 (+17 more) — likely not a specific peptide claim, but manual review recommended",PATENT_COMMON_SUBSTRING,"Query appears inside larger patent protein(s) (all entries >30 aa). The patent likely claims the construct, not this 7-mer substring. Phase 2 review will fetch claim text.",patent_partial_only,none,2362-2368,C-terminal PRD,PRD-B,,7,exact,v9-phase0,natural_sliding_window,True,,1.0,1.0,0.4692,0.394,0.343,0.4866,0.481,0.8142,0.4257,0.5,0.5
74,DRK,3,P15924,DEJ_V8,0.515,0.4139,,C,DEMOTED,CAUTION,Match in bioactive peptide DB (non-cosmetic),KNOWN_BIOACTIVE,"Found in bioactive peptide database (biopep/satpdb/dbaasp/apd3). Not cosmetic-registered, but known biological activity — review.",not_applicable_short_peptide,none,2521-2523,C-terminal PRD,PRD-C,,3,exact,v9-phase0,natural_sliding_window,True,,1.0,1.0,0.4603,0.3665,0.3999,0.6591,0.478,0.6989,0.8372,0.5,0.5
75,KRE,3,P15924,DEJ_V8,0.4806,0.4132,,F,DEMOTED,CAUTION,Match in bioactive peptide DB (non-cosmetic),KNOWN_BIOACTIVE,"Found in bioactive peptide database (biopep/satpdb/dbaasp/apd3). Not cosmetic-registered, but known biological activity — review.",not_applicable_short_peptide,none,1185-1187,Central rod,Coiled-coil segment 1,coiled_coil_fragment,3,exact,v9-phase0,natural_sliding_window,True,,1.0,1.0,0.4587,0.3665,0.3999,0.4168,0.43,0.6951,0.8391,0.5,0.5
76,TEQRRRA,7,P15924,DEJ_V8,0.4616,0.4132,,F,DEMOTED,CAUTION,"Exact substring in 20 bulk patent protein(s): YCX77053.1, QHY29279.1, AVY06546.1 (+17 more) — likely not a specific peptide claim, but manual review recommended",PATENT_COMMON_SUBSTRING,"Query appears inside larger patent protein(s) (all entries >30 aa). The patent likely claims the construct, not this 7-mer substring. Phase 2 review will fetch claim text.",patent_partial_only,none,1264-1270,Central rod,Coiled-coil segment 1,coiled_coil_fragment,7,exact,v9-phase0,natural_sliding_window,True,,0.9286,0.5,0.4585,0.4581,0.2629,0.2108,0.376,0.8327,0.8403,0.5,0.5
77,EYDDLRRGRS,10,P15924,DEJ_V8,0.398,0.413,,F,DEMOTED,CAUTION,"Exact substring in 20 bulk patent protein(s): AVY06545.1, QHY29278.1, WIR84726.1 (+17 more) — likely not a specific peptide claim, but manual review recommended",PATENT_COMMON_SUBSTRING,"Query appears inside larger patent protein(s) (all entries >30 aa). The patent likely claims the construct, not this 10-mer substring. Phase 2 review will fetch claim text.",patent_partial_only,none,1730-1739,Central rod,Coiled-coil segment 2,coiled_coil_fragment,10,exact,v9-phase0,natural_sliding_window,True,,0.9,0.5,0.4628,0.3075,0.4799,0.1092,0.4844,0.1596,0.7369,0.5,0.5
78,EDITGLRLLE,10,P15924,DEJ_V8,0.1642,0.4129,,F,DEMOTED,CAUTION,"Exact substring in 20 bulk patent protein(s): CAR97068.1, CAP11454.1, CAP07486.1 (+17 more) — likely not a specific peptide claim, but manual review recommended",PATENT_COMMON_SUBSTRING,"Query appears inside larger patent protein(s) (all entries >30 aa). The patent likely claims the construct, not this 10-mer substring. Phase 2 review will fetch claim text.",patent_partial_only,none,2795-2804,C-terminal PRD,PRD-C,,10,exact,v9-phase0,natural_sliding_window,True,,0.9,0.5,0.4565,0.275,0.54,0.0827,0.3143,0.0614,0.2174,0.5,0.5
79,YDDLRRGRSE,10,P15924,DEJ_V8,0.4085,0.4128,,F,DEMOTED,CAUTION,"Exact substring in 20 bulk patent protein(s): AVY06545.1, QHY29278.1, WIR84726.1 (+17 more) — likely not a specific peptide claim, but manual review recommended",PATENT_COMMON_SUBSTRING,"Query appears inside larger patent protein(s) (all entries >30 aa). The patent likely claims the construct, not this 10-mer substring. Phase 2 review will fetch claim text.",patent_partial_only,none,1731-1740,Central rod,Coiled-coil segment 2,coiled_coil_fragment,10,exact,v9-phase0,natural_sliding_window,True,,0.9,0.5,0.4622,0.3075,0.4799,0.0863,0.4844,0.3277,0.7356,0.5,0.5
80,SGSRSGSR,8,P15924,DEJ_V8,0.4435,0.4128,,C,DEMOTED,CAUTION,"Exact substring in 20 bulk patent protein(s): CAP11453.1, CAR97067.1, CAT82287.1 (+17 more) — likely not a specific peptide claim, but manual review recommended",PATENT_COMMON_SUBSTRING,"Query appears inside larger patent protein(s) (all entries >30 aa). The patent likely claims the construct, not this 8-mer substring. Phase 2 review will fetch claim text.",patent_partial_only,none,2831-2838,C-terminal PRD,GSR tail,,8,exact,v9-phase0,natural_sliding_window,True,,1.0,1.0,0.4534,0.5583,0.12,0.1664,0.4549,0.8364,0.5816,0.5,0.5
81,KKRSE,5,P15924,DEJ_V8,0.4877,0.4123,,F,DEMOTED,CLEAR,No known match in any reference DB,PURE_NOVEL,"Fully novel sequence — no known cosmetic, bioactive, or patent match",not_applicable_short_peptide,none,1626-1630,Central rod,Coiled-coil segment 2,coiled_coil_fragment,5,exact,v9-phase0,natural_sliding_window,True,,1.0,1.0,0.4631,0.425,0.3,0.5655,0.3762,0.6339,0.8393,0.5,0.5
82,ELIEKGHGIR,10,P15924,DEJ_V8,0.3604,0.412,,F,DEMOTED,CAUTION,"Exact substring in 20 bulk patent protein(s): CAR97065.1, CAP07483.1, CAP11451.1 (+17 more) — likely not a specific peptide claim, but manual review recommended",PATENT_COMMON_SUBSTRING,"Query appears inside larger patent protein(s) (all entries >30 aa). The patent likely claims the construct, not this 10-mer substring. Phase 2 review will fetch claim text.",patent_partial_only,none,2357-2366,C-terminal PRD,PRD-B,,10,exact,v9-phase0,natural_sliding_window,True,,0.95,0.5,0.4611,0.24,0.5801,0.0143,0.4527,0.055,0.5595,0.5,0.5
83,KRSE,4,P15924,DEJ_V8,0.4664,0.4115,,F,DEMOTED,CLEAR,No known match in any reference DB,PURE_NOVEL,"Fully novel sequence — no known cosmetic, bioactive, or patent match",not_applicable_short_peptide,none,1627-1630,Central rod,Coiled-coil segment 2,coiled_coil_fragment,4,exact,v9-phase0,natural_sliding_window,True,,1.0,1.0,0.4599,0.3833,0.365,0.2933,0.4446,0.6953,0.8398,0.5,0.5
84,IVKKRSEDDL,10,P15924,DEJ_V8,0.3979,0.4114,,F,DEMOTED,CAUTION,"Exact substring in 19 bulk patent protein(s): ADS87388.1, CAP07554.1, YAV28386.1 (+16 more) — likely not a specific peptide claim, but manual review recommended",PATENT_COMMON_SUBSTRING,"Query appears inside larger patent protein(s) (all entries >30 aa). The patent likely claims the construct, not this 10-mer substring. Phase 2 review will fetch claim text.",patent_partial_only,none,1624-1633,Central rod,Coiled-coil segment 2,coiled_coil_fragment,10,exact,v9-phase0,natural_sliding_window,True,,0.9,0.5,0.4639,0.275,0.5199,0.1793,0.3719,0.1641,0.7761,0.5,0.5
85,GQR,3,P15924,DEJ_V8,0.5136,0.4112,,B,DEMOTED,CAUTION,Match in bioactive peptide DB (non-cosmetic),KNOWN_BIOACTIVE,"Found in bioactive peptide database (biopep/satpdb/dbaasp/apd3). Not cosmetic-registered, but known biological activity — review.",not_applicable_short_peptide,none,2723-2725,C-terminal PRD,PRD-C,,3,exact,v9-phase0,natural_sliding_window,True,,1.0,1.0,0.4673,0.4834,0.2001,0.6671,0.5593,0.6999,0.723,0.5,0.5
86,GHGIR,5,P15924,DEJ_V8,0.4817,0.4103,,C,DEMOTED,CLEAR,No known match in any reference DB,PURE_NOVEL,"Fully novel sequence — no known cosmetic, bioactive, or patent match",not_applicable_short_peptide,none,2362-2366,C-terminal PRD,PRD-B,,5,exact,v9-phase0,natural_sliding_window,True,,1.0,1.0,0.4638,0.3517,0.4001,0.5365,0.5049,0.6979,0.5957,0.5,0.5
87,EGTRKREYEN,10,P15924,DEJ_V8,0.4812,0.4099,,F,DEMOTED,CAUTION,"Exact substring in 20 bulk patent protein(s): CAP11471.1, CAT82321.1, CAR97085.1 (+17 more) — likely not a specific peptide claim, but manual review recommended",PATENT_COMMON_SUBSTRING,"Query appears inside larger patent protein(s) (all entries >30 aa). The patent likely claims the construct, not this 10-mer substring. Phase 2 review will fetch claim text.",patent_partial_only,none,1181-1190,Central rod,Coiled-coil segment 1,coiled_coil_fragment,10,exact,v9-phase0,natural_sliding_window,True,,0.95,0.5,0.4657,0.255,0.54,0.7222,0.3954,0.4477,0.7008,0.5,0.5
88,YDDLRRGR,8,P15924,DEJ_V8,0.4475,0.4095,,F,DEMOTED,CAUTION,"Exact substring in 20 bulk patent protein(s): AVY06545.1, QHY29278.1, WIR84726.1 (+17 more) — likely not a specific peptide claim, but manual review recommended",PATENT_COMMON_SUBSTRING,"Query appears inside larger patent protein(s) (all entries >30 aa). The patent likely claims the construct, not this 8-mer substring. Phase 2 review will fetch claim text.",patent_partial_only,none,1731-1738,Central rod,Coiled-coil segment 2,coiled_coil_fragment,8,exact,v9-phase0,natural_sliding_window,True,,0.9375,0.5,0.4627,0.3242,0.44,0.0325,0.5209,0.7662,0.8403,0.5,0.5
89,GTRKREYENE,10,P15924,DEJ_V8,0.5081,0.4091,,C,DEMOTED,CAUTION,"Exact substring in 20 bulk patent protein(s): CAP11471.1, CAT82321.1, CAR97085.1 (+17 more) — likely not a specific peptide claim, but manual review recommended",PATENT_COMMON_SUBSTRING,"Query appears inside larger patent protein(s) (all entries >30 aa). The patent likely claims the construct, not this 10-mer substring. Phase 2 review will fetch claim text.",patent_partial_only,none,1182-1191,Central rod,Coiled-coil segment 1,coiled_coil_fragment,10,exact,v9-phase0,natural_sliding_window,True,,0.95,0.5,0.4638,0.255,0.54,0.8047,0.408,0.6485,0.7017,0.5,0.5
90,KRSMSFQGIR,10,P15924,DEJ_V8,0.3851,0.409,,F,DEMOTED,CAUTION,"Exact substring in 20 bulk patent protein(s): CAP11450.1, CAT82281.1, CAR97064.1 (+17 more) — likely not a specific peptide claim, but manual review recommended",PATENT_COMMON_SUBSTRING,"Query appears inside larger patent protein(s) (all entries >30 aa). The patent likely claims the construct, not this 10-mer substring. Phase 2 review will fetch claim text.",patent_partial_only,none,2205-2214,C-terminal PRD,Linker A-B,,10,exact,v9-phase0,natural_sliding_window,True,,1.0,1.0,0.4561,0.5575,0.0999,0.0234,0.4031,0.2213,0.77,0.5,0.5
91,SIVKKRSEDD,10,P15924,DEJ_V8,0.3871,0.409,,F,DEMOTED,CAUTION,"Exact substring in 19 bulk patent protein(s): ADS87388.1, CAP07554.1, YAV28386.1 (+16 more) — likely not a specific peptide claim, but manual review recommended",PATENT_COMMON_SUBSTRING,"Query appears inside larger patent protein(s) (all entries >30 aa). The patent likely claims the construct, not this 10-mer substring. Phase 2 review will fetch claim text.",patent_partial_only,none,1623-1632,Central rod,Coiled-coil segment 2,coiled_coil_fragment,10,exact,v9-phase0,natural_sliding_window,True,,0.9,0.5,0.4582,0.275,0.5199,0.2011,0.3852,0.0329,0.7389,0.5,0.5
92,KILEYKR,7,P15924,DEJ_V8,0.3904,0.409,,F,DEMOTED,CAUTION,"Exact substring in 20 bulk patent protein(s): ARH20734.1, ATK82713.1, AOG84007.1 (+17 more) — likely not a specific peptide claim, but manual review recommended",PATENT_COMMON_SUBSTRING,"Query appears inside larger patent protein(s) (all entries >30 aa). The patent likely claims the construct, not this 7-mer substring. Phase 2 review will fetch claim text.",patent_partial_only,none,427-433,N-terminal plakin,inter-domain,,7,exact,v9-phase0,natural_sliding_window,True,,1.0,1.0,0.4643,0.4256,0.2828,0.1006,0.4083,0.0958,0.8398,0.5,0.5
93,EGTRKREYE,9,P15924,DEJ_V8,0.5102,0.4085,,C,DEMOTED,CAUTION,"Exact substring in 20 bulk patent protein(s): CAP11471.1, CAT82321.1, CAR97085.1 (+17 more) — likely not a specific peptide claim, but manual review recommended",PATENT_COMMON_SUBSTRING,"Query appears inside larger patent protein(s) (all entries >30 aa). The patent likely claims the construct, not this 9-mer substring. Phase 2 review will fetch claim text.",patent_partial_only,none,1181-1189,Central rod,Coiled-coil segment 1,coiled_coil_fragment,9,exact,v9-phase0,natural_sliding_window,True,,0.9444,0.5,0.4623,0.255,0.54,0.7569,0.3815,0.7265,0.7592,0.5,0.5
94,SRKE,4,P15924,DEJ_V8,0.4982,0.4081,,F,DEMOTED,CLEAR,No known match in any reference DB,PURE_NOVEL,"Fully novel sequence — no known cosmetic, bioactive, or patent match",not_applicable_short_peptide,none,1872-1875,C-terminal PRD,inter-domain,,4,exact,v9-phase0,natural_sliding_window,True,,1.0,1.0,0.46,0.3833,0.3499,0.5685,0.4446,0.698,0.844,0.5,0.5
95,SHPR,4,P15924,DEJ_V8,0.4834,0.4076,,C,DEMOTED,CAUTION,Match in bioactive peptide DB (non-cosmetic),KNOWN_BIOACTIVE,"Found in bioactive peptide database (biopep/satpdb/dbaasp/apd3). Not cosmetic-registered, but known biological activity — review.",not_applicable_short_peptide,none,7-10,N-terminal plakin,inter-domain,,4,exact,v9-phase0,natural_sliding_window,True,,1.0,1.0,0.459,0.3833,0.3499,0.5771,0.5006,0.6988,0.578,0.5,0.5
96,ERSK,4,P15924,DEJ_V8,0.4716,0.4071,,F,DEMOTED,CAUTION,Match in bioactive peptide DB (non-cosmetic),KNOWN_BIOACTIVE,"Found in bioactive peptide database (biopep/satpdb/dbaasp/apd3). Not cosmetic-registered, but known biological activity — review.",not_applicable_short_peptide,none,489-492,N-terminal plakin,inter-domain,,4,exact,v9-phase0,natural_sliding_window,True,,1.0,1.0,0.4577,0.3833,0.3499,0.3565,0.4446,0.6921,0.842,0.5,0.5
97,GSRR,4,P15924,DEJ_V8,0.5043,0.4068,,C,DEMOTED,CLEAR,No known match in any reference DB,PURE_NOVEL,"Fully novel sequence — no known cosmetic, bioactive, or patent match",not_applicable_short_peptide,none,2844-2847,C-terminal PRD,GSR tail,,4,exact,v9-phase0,natural_sliding_window,True,,1.0,1.0,0.4604,0.5125,0.15,0.6449,0.4224,0.6993,0.8395,0.5,0.5
98,RLRVLL,6,P15924,DEJ_V8,0.5049,0.4065,,C,DEMOTED,CAUTION,"Exact substring in 20 bulk patent protein(s): ACJ90969.1, AAR74845.1, CAF17835.1 (+17 more) — likely not a specific peptide claim, but manual review recommended",PATENT_COMMON_SUBSTRING,"Query appears inside larger patent protein(s) (all entries >30 aa). The patent likely claims the construct, not this 6-mer substring. Phase 2 review will fetch claim text.",patent_partial_only,none,1173-1178,Central rod,Coiled-coil segment 1,coiled_coil_fragment,6,exact,v9-phase0,natural_sliding_window,True,,1.0,1.0,0.4577,0.575,0.06,0.5569,0.4564,0.8493,0.7884,0.5,0.5
99,EQRRRAE,7,P15924,DEJ_V8,0.4666,0.4065,,F,DEMOTED,CAUTION,"Exact substring in 20 bulk patent protein(s): ATJ50221.1, QKP53829.1, QBD73896.1 (+17 more) — likely not a specific peptide claim, but manual review recommended",PATENT_COMMON_SUBSTRING,"Query appears inside larger patent protein(s) (all entries >30 aa). The patent likely claims the construct, not this 7-mer substring. Phase 2 review will fetch claim text.",patent_partial_only,none,1265-1271,Central rod,Coiled-coil segment 1,coiled_coil_fragment,7,exact,v9-phase0,natural_sliding_window,True,,0.9286,0.5,0.4404,0.339,0.4457,0.5938,0.3578,0.3849,0.842,0.5,0.5
100,RKRRVVIV,8,P15924,DEJ_V8,0.5378,0.4063,,C,DEMOTED,CAUTION,"Exact substring in 20 bulk patent protein(s): CAP11449.1, CAT82280.1, CAR97063.1 (+17 more) — likely not a specific peptide claim, but manual review recommended",PATENT_COMMON_SUBSTRING,"Query appears inside larger patent protein(s) (all entries >30 aa). The patent likely claims the construct, not this 8-mer substring. Phase 2 review will fetch claim text.",patent_partial_only,none,2462-2469,C-terminal PRD,Linker B-C,,8,exact,v9-phase0,natural_sliding_window,True,,1.0,1.0,0.4572,0.575,0.06,0.8136,0.4406,0.8428,0.8429,0.5,0.5
